<?xml version="1.0" encoding="UTF-8"?>
<project-private xmlns="http://www.netbeans.org/ns/project-private/1">
    <editor-bookmarks xmlns="http://www.netbeans.org/ns/editor-bookmarks/2" lastBookmarkId="0"/>
    <open-files xmlns="http://www.netbeans.org/ns/projectui-open-files/2">
        <group>
            <file>file:/F:/Downloads/Web%20Design%20Class%20Record/5th%20Class/html5boilerplate_bootstrap_font-awesome_js_jq_alltogether/index.html</file>
            <file>file:/F:/Downloads/Web%20Design%20Class%20Record/5th%20Class/html5boilerplate_bootstrap_font-awesome_js_jq_alltogether/css/style.css</file>
        </group>
    </open-files>
</project-private>
