<manifest alg="2" build="2015.0.0.309" opt="true" iceEnabled="true" iceMarkupVersion="2" exportTarget="other" domain="canoe.com" resolutions="1x" timestamp="1487149925463">
  <folder name="css">
    <file name="site_global.css" crc="4052507572"/>
    <file name="master_a-master.css" crc="152871870" ref="index"/>
    <file name="index.css" crc="4267231845" ref="index"/>
  </folder>
  <folder name="fonts">
    <file name="sourcesanspro-semiboldit.woff" crc="229510383"/>
    <file name="sourcesanspro-semiboldit.eot" crc="364176848"/>
    <file name="sourcesanspro-semibold.woff" crc="243718220"/>
    <file name="sourcesanspro-semibold.eot" crc="4269537320"/>
    <file name="sourcesanspro-black.woff" crc="116926614"/>
    <file name="sourcesanspro-black.eot" crc="3765597486"/>
    <file name="sourcesanspro-bold.woff" crc="421467565"/>
    <file name="sourcesanspro-bold.eot" crc="4122501547"/>
    <file name="sourcesanspro-it.woff" crc="3953570542"/>
    <file name="sourcesanspro-it.eot" crc="3759487694"/>
    <file name="sourcesanspro-regular.woff" crc="221012733"/>
    <file name="sourcesanspro-regular.eot" crc="4160906755"/>
  </folder>
  <folder name="scripts">
    <file name="jquery-1.8.3.min.js" crc="4255413929" ref="index"/>
    <file name="museutils.js" crc="183364071" ref="index"/>
    <file name="pie.js" crc="3827607177" ref="index"/>
    <file name="jquery.scrolleffects.js" crc="3860644955" ref="index"/>
    <file name="jquery.watch.js" crc="71412426" ref="index"/>
    <file name="jquery.musepolyfill.bgsize.js" crc="4004268962" ref="index"/>
    <file name="jquery.musemenu.js" crc="3957776250" ref="index"/>
    <file name="webpro.js" crc="3803554875" ref="index"/>
    <file name="musewpslideshow.js" crc="242596657" ref="index"/>
    <file name="jquery.museoverlay.js" crc="493285861" ref="index"/>
    <file name="touchswipe.js" crc="4038331989" ref="index"/>
    <file name="form_check.php" crc="277267350" ref="index"/>
    <file name="form_throttle.php" crc="3908387251" ref="index"/>
    <file name="form_process.php" crc="24249335" ref="index"/>
    <file name="form-u1029.php" crc="34266978" ref="index"/>
    <file name="html5shiv.js" crc="4241844378" ref="index"/>
  </folder>
  <folder name="images">
    <file name="hero-img.jpg" crc="3804641026" ref="index"/>
    <file name="split.png" crc="4073498271" ref="index"/>
    <file name="logo2.png" crc="495767040" seo="true" ref="index"/>
    <file name="402-facebook2.png" crc="4159213967" seo="true" ref="index"/>
    <file name="403-instagram.png" crc="4162605857" seo="true" ref="index"/>
    <file name="407-twitter.png" crc="338331834" seo="true" ref="index"/>
    <file name="426-behance2.png" crc="4018463800" seo="true" ref="index"/>
    <file name="illustrator-u219-fr.png" crc="3864313706" ref="index"/>
    <file name="ill.png" crc="4016485313" ref="index"/>
    <file name="dream-u231-fr.png" crc="4188292816" ref="index"/>
    <file name="photoshop-u216-fr.png" crc="4179817045" ref="index"/>
    <file name="code-u224-fr.png" crc="191398857" ref="index"/>
    <file name="firework-u230-fr.png" crc="4025098132" ref="index"/>
    <file name="parallax-img-1.jpg" crc="242039490" ref="index"/>
    <file name="divider.png" crc="49864371" seo="true" ref="index"/>
    <file name="parallax-img-2.jpg" crc="242039490" ref="index"/>
    <file name="loading.gif" crc="3815509949" ref="index"/>
    <file name="u2097-12.png" crc="3881536203" ref="index"/>
    <file name="u2099-10.png" crc="4220429508" ref="index"/>
    <file name="u2101-12.png" crc="4139661186" ref="index"/>
    <file name="footer-img.jpg" crc="4241368331" ref="index"/>
    <file name="locate.png" crc="206489614" ref="index"/>
    <file name="vcard.png" crc="54777031" ref="index"/>
    <file name="mail.png" crc="46436906" ref="index"/>
    <file name="slider-img-1.jpg" crc="224847957" seo="true" ref="index"/>
    <file name="blank.gif" crc="4208392903" ref="index"/>
    <file name="slider-img-2.jpg" crc="3936891157" seo="true" ref="index"/>
    <file name="slider-img-3.jpg" crc="505864149" seo="true" ref="index"/>
    <file name="slider-img-4.jpg" crc="3842043206" seo="true" ref="index"/>
    <file name="slider-img-5.jpg" crc="3821788130" seo="true" ref="index"/>
    <file name="slider-img-1298x207.jpg" crc="307708232" seo="true" ref="index"/>
    <file name="slider-img-2298x207.jpg" crc="4166759053" seo="true" ref="index"/>
    <file name="slider-img-3298x207.jpg" crc="3849478407" seo="true" ref="index"/>
    <file name="slider-img-4298x207.jpg" crc="4149461120" seo="true" ref="index"/>
    <file name="slider-img-5298x207.jpg" crc="4083021667" seo="true" ref="index"/>
    <file name="u1039-21.png" crc="504501953" ref="index"/>
    <file name="u1039-21-r.png" crc="17872463" ref="index"/>
    <file name="u1039-21-m.png" crc="17872463" ref="index"/>
    <file name="u1039-21-fs.png" crc="504501953" ref="index"/>
    <file name="315-arrow-up2.png" crc="473843665" ref="index"/>
  </folder>
  <file name="index.html" crc="4014367551" seo="true" mt="1487149786099" redirect="true"/>
</manifest>